{
  "代碼":[10002030,10002040,10002060,10002100,10004110,10005160,10007210,10010170,10013150,10013170,10014060,10015070,10015100,64000090,64000100,64000110,64000260,64000350,65000270,65000280,67000160],
  "鄉鎮市區":["宜蘭縣蘇澳鎮","宜蘭縣頭城鎮","宜蘭縣壯圍鄉","宜蘭縣三星鄉","新竹縣峨眉鄉","苗栗縣三灣鄉","彰化縣田尾鄉","嘉義縣大埔鄉","屏東縣新埤鄉","屏東縣新園鄉","臺東縣池上鄉","花蓮縣光復鄉","花蓮縣富里鄉","高雄市前鎮區","高雄市旗津區","高雄市小港區","高雄市茄萣區","高雄市內門區","新北市金山區","新北市萬里區","臺南市將軍區"],
  "犯罪率":[118.0443078,94.89466692,104.8409153,159.8102897,95.18370455,47.25153567,86.87019111,49.200492,127.6867419,177.9796244,182.8631139,124.2647668,134.7708895,94.79342687,210.8716026,170.9223864,110.3022281,87.16495969,122.1995927,170.4858848,53.19997872],
  "住宅竊盜":[0.000137261,0.000189789,0.000136749,0.000515517,0.000190367,0.000157505,4.14E-05,0,0,9.21E-05,0,8.28E-05,0.00010367,0,0,0,0.000110302,0.000145275,5.09E-05,0.000250715,0.0001596],
  "汽車竊盜":[0.000164713,3.80E-05,0,0.000103103,0,0,8.27E-05,0.000246002,0.000106406,0.000306861,0,0.00024853,0,5.89E-05,0,0.000245236,3.68E-05,0.000217912,0.000101833,5.01E-05,0.0001596],
  "毒品":[0.000823565,0.000569368,0.000820494,0.000979482,0.00076147,0.000157505,0.000661868,0.000246002,0.001170462,0.001166073,0.001828631,0.000579902,0.000933029,0.000629994,0.001991565,0.001166731,0.000955953,0.000435825,0.000763747,0.00120343,0.0001596],
  "強制性交":[2.75E-05,0,0,0,0,0,0,0,0,0,0,0.000165686,0,0,0,7.43E-06,0,0,0,5.01E-05,0],
  "強盜":[0,7.59E-05,0,0,0,0,0,0,0,3.07E-05,0,0,0.00020734,1.18E-05,0,0,0,0,5.09E-05,5.01E-05,0],
  "搶奪":[0,0,0,0,0,0,0,0,0,0,0,0,0,2.94E-05,0,0,0,0,0,0,0],
  "機車竊盜":[2.75E-05,7.59E-05,9.12E-05,0,0,0.000157505,8.27E-05,0,0,0.000184117,0,0.000165686,0.00010367,0.000217848,0.000117151,0.000289825,0,7.26E-05,0.000254582,0.000100286,5.32E-05],
  "警察局數":[6,5,4,5,2,2,2,1,2,2,2,3,4,6,2,6,4,3,4,4,4],
  "人口總數":[36427,26345,21938,19398,5253,6349,24174,4065,9398,32588,7656,12071,9646,169843,25608,134564,27198,13767,19640,19943,18797],
  "有偶":[0.515661,0.518315,0.516182,0.520982,0.562345,0.552843,0.534293,0.535793,0.512343,0.511507,0.462382,0.434844,0.469417,0.481027,0.466924,0.500268,0.488749,0.533958,0.508045,0.509352,0.511943],
  "離婚":[0.077992,0.071057,0.06842,0.079029,0.064344,0.06442,0.049433,0.095449,0.089594,0.06708,0.104232,0.120288,0.095169,0.092003,0.101726,0.088508,0.065078,0.082008,0.089308,0.108008,0.079268],
  "喪偶":[0.08469,0.08495,0.08091,0.089597,0.09861,0.095763,0.08323,0.077491,0.097255,0.082576,0.113375,0.107033,0.11808,0.066868,0.075875,0.055728,0.079675,0.097697,0.071487,0.076919,0.106028],
  "未婚":[0.326132,0.330765,0.338591,0.315909,0.28479,0.293905,0.337718,0.293973,0.304533,0.341445,0.327978,0.343302,0.321791,0.363671,0.358482,0.357726,0.368924,0.292221,0.336151,0.311789,0.308507],
  "扶養比":[37.7,37.24,33.19,37.23,49.15,43.52,39.25,33.64,36.02,32.77,42.69,41.6,47.03,34.2,32.21,29.67,33.81,39.95,33.66,36.42,37.33],
  "自然增加率":[-0.0006314,-7.59E-05,-0.001777737,-0.001340344,-0.004188083,0.005827689,-0.000868702,-0.009840098,0.001383273,0.000184117,-0.002351097,-0.000165686,-0.004768816,-0.000129531,-0.00136676,2.23E-05,0.009596294,0.007772209,0.002087576,0.002306574,-0.001064],
  "社會增加率":[-0.001482417,-0.000113874,-0.002096818,-0.000773276,-0.003045879,-0.014647976,-0.000455034,0.00295203,-0.002553735,-0.000920584,-0.001959248,0.008532847,-0.016276177,-0.000270838,-0.001757263,0.000237805,-0.018089565,0.01118617,0.001323829,-0.000451286,-0.0001596],
  "社會流動":["O","O","O","O","O","O","O","I","O","O","O","I","O","O","O","I","O","I","I","O","O"],
  "每坪房價":[9.7,14.2,10.1,13.9,2.5,7.2,10.9,3.8,4.6,8.3,15.3,7.8,8.2,14.9,9.2,11.4,11,11.7,10.2,7.2,12.3],
  "第一級產業":[655,356,49,27,7,13,65,4,20,51,22,18,20,626,1264,1382,119,25,72,102,65],
  "第二級產業":[1690,1001,653,541,100,173,752,62,216,833,355,396,336,7962,683,4319,556,292,642,442,374],
  "第三級產業":[511,359,176,189,40,66,203,25,90,274,124,142,114,3021,258,1562,210,99,222,205,60],
  "加總":[2856,1716,878,757,147,252,1020,91,326,1158,501,556,470,11609,2205,7263,885,416,936,749,499],
  "第一級產業比率":[0.229341737,0.207459207,0.055808656,0.035667107,0.047619048,0.051587302,0.06372549,0.043956044,0.061349693,0.044041451,0.043912176,0.032374101,0.042553191,0.05392368,0.57324263,0.190279499,0.134463277,0.060096154,0.076923077,0.136181575,0.130260521],
  "第二級產業比率":[0.591736695,0.583333333,0.743735763,0.714663144,0.680272109,0.686507937,0.737254902,0.681318681,0.662576687,0.719343696,0.708582834,0.712230216,0.714893617,0.685847188,0.309750567,0.594657855,0.628248588,0.701923077,0.685897436,0.59012016,0.749498998],
  "第三級產業比率":[0.178921569,0.209207459,0.200455581,0.249669749,0.272108844,0.261904762,0.199019608,0.274725275,0.27607362,0.236614853,0.24750499,0.255395683,0.242553191,0.260229133,0.117006803,0.215062646,0.237288136,0.237980769,0.237179487,0.273698264,0.120240481],
  "產業":[1,1,1,1,1,1,1,1,1,1,1,1,1,1,1,1,1,1,1,1,1],
  "壯年人口數":[0.363125,0.363539,0.374575,0.3637,0.334329,0.347289,0.358646,0.37322,0.367914,0.375855,0.350263,0.353164,0.339939,0.372516,0.377748,0.385627,0.373198,0.357237,0.37327,0.366503,0.363787],
  "男女比":[104.2723,106.9582,112.4227,117.0542,124.5953,120.2114,107.6796,108.3633,113.7098,107.2977,110.3389,113.7532,120.0572,97.42915,107.8201,99.50152,107.2982,118.1307,98.39168,101.7578,103.4795],
  "平均每人所得":[168.2579131,147.2129057,148.4633968,157.9371585,178.0256996,181.2587809,145.9356333,111.495695,105.5926793,136.8861851,116.2283177,125.84732,95.24631972,240.0632761,125.8058419,237.6179142,135.7988823,95.68344592,167.8683809,149.854736,112.0128744],
  "分配":[0.411693,0.387677,0.396064,0.397742,0.39019,0.365768,0.37858,0.395031,0.396273,0.4,0.370828,0.36399,0.402542,0.344961,0.40819,0.355899,0.42025,0.406036,0.362708,0.393185,0.432065],
  "貧富差距":[2.428994421,2.579466927,2.52484447,2.514192617,2.562853994,2.733973448,2.641449628,2.531446899,2.523512831,2.5,2.696667997,2.747328223,2.484212827,2.898878424,2.449839536,2.809785922,2.37953599,2.462835808,2.75703872,2.543332019,2.314466573],
  "收入標準差":[608.55,610.46,589.8,762.02,654.43,621.97,693.39,1049.9,484.73,561.59,553.64,591.84,447.62,885.74,533.86,692.5,520.72,454.58,644.32,948.24,498.98],
  "低收人口比":[0.0173,0.0113,0.0107,0.0143,0.0114,0.0098,0.0123,0.0215,0.0237,0.0133,0.047,0.0342,0.035,0.0233,0.0564,0.0225,0.0473,0.0411,0.0152,0.0303,0.019],
  "國中學校數":[3,2,1,1,1,1,1,1,1,1,1,2,3,6,1,5,1,1,0,1,1],
  "國小學校數":[8,7,6,5,2,2,4,1,4,6,3,5,8,14,3,13,4,7,4,5,5],
  "高級中等學校學校數":[1,1,1,0,0,0,0,0,0,0,0,1,0,3,0,2,1,0,1,1,0],
  "高等教育人口比例":[0.190270953,0.190282786,0.198058164,0.188937004,0.175518751,0.194833832,0.214114338,0.167281673,0.131942967,0.175432675,0.141327064,0.154668213,0.113933237,0.291787121,0.181154327,0.268942659,0.202441356,0.113750272,0.190529532,0.175048889,0.170027132],
  "高中職五專人口比例":[0.37996541,0.35160372,0.362430486,0.389988659,0.411193604,0.415498504,0.405476959,0.364083641,0.475739519,0.425954339,0.409221526,0.47759092,0.360252955,0.44232026,0.384801624,0.462954431,0.329766895,0.357739522,0.389205703,0.413177556,0.351811459],
  "國中小人口比例":[0.387212782,0.412260391,0.391968274,0.385916074,0.386636208,0.380847378,0.340200215,0.444772448,0.365396893,0.349914079,0.413662487,0.356971253,0.504768816,0.250054462,0.404795376,0.243623852,0.413339216,0.507372703,0.375610998,0.373364088,0.433047827],
  "文盲比率":[0.026079556,0.026001139,0.044899262,0.023816888,0.019798211,0.005985195,0.037147348,0.021402214,0.014896787,0.046336075,0.032131661,0.008450004,0.015965167,0.013971727,0.027100906,0.022450284,0.043054636,0.019466841,0.037270876,0.032091461,0.043464383]
}